model,threshold,accuracy,precision,recall,f1,f2,roc_auc,pr_auc,true_negative,false_positive,false_negative,true_positive
random_forest,0.2,0.40261437908496733,0.40261437908496733,1.0,0.5740913327120224,0.771156735102654,0.646004433203558,0.5331673576185739,0.0,457.0,0.0,308.0
baseline_regra_negocio,0.15,0.4549019607843137,0.4130781499202552,0.8409090909090909,0.5540106951871657,0.6966110812264659,0.6610304356475034,0.6243144744318746,89.0,368.0,49.0,259.0
xgboost,0.18,0.4627450980392157,0.4134453781512605,0.7987012987012987,0.5448504983388704,0.6732348111658456,0.5166884537781693,0.3977641541899962,108.0,349.0,62.0,246.0
regressao_logistica,0.16999999999999998,0.596078431372549,0.4986149584487535,0.5844155844155844,0.5381165919282511,0.5649717514124294,0.6023544289408622,0.4652144764268114,276.0,181.0,128.0,180.0
